{
  "project_info": {
    "project_number": "727303916025",
    "project_id": "insurebuddy1",
    "storage_bucket": "insurebuddy1.appspot.com"
  },
  "client": [
    {
      "client_info": {
        "mobilesdk_app_id": "1:727303916025:android:57f79b117e521a58ccd528",
        "android_client_info": {
          "package_name": "krupen.insurebuddy1"
        }
      },
      "oauth_client": [
        {
          "client_id": "727303916025-r10mvhl2badr3d734jk0va3hbqb68plv.apps.googleusercontent.com",
          "client_type": 1,
          "android_info": {
            "package_name": "krupen.insurebuddy1",
            "certificate_hash": "15141ebb9b8ba7486e40222eaf6fe01b4b8d3437"
          }
        },
        {
          "client_id": "727303916025-pagcn988el95dq5td7qimav9jtauctvn.apps.googleusercontent.com",
          "client_type": 3
        }
      ],
      "api_key": [
        {
          "current_key": "AIzaSyB0JB6JYmgLPu4mC7qaRHTLeQfPSGN1FHo"
        }
      ],
      "services": {
        "appinvite_service": {
          "other_platform_oauth_client": [
            {
              "client_id": "727303916025-pagcn988el95dq5td7qimav9jtauctvn.apps.googleusercontent.com",
              "client_type": 3
            }
          ]
        }
      }
    }
  ],
  "configuration_version": "1"
}